drone_x,drone_y,drone_z,peer_mac,avg_real_azimuth,avg_experimental_azimuth,avg_real_elevation,avg_experimental_elevation,mean_azimuth_error,mean_elevation_error
0.0,-6.6,-0.72,20BA36977463,0.0,2.385633270321361,-6.225829064425769,-2.6975425330812857,2.4045368620037806,3.5437749386877613
0.0,-6.6,-0.72,20BA369AFC6B,24.443954780416533,9.204044117647058,-5.671601372097208,12.931985294117647,15.239910662769475,18.603586666214852
0.0,-6.0,-0.72,20BA36977463,0.0,-0.7744034707158352,-6.84277341263094,-4.668112798264642,1.3253796095444685,2.4103786583166675
0.0,-6.0,-0.72,20BA369AFC6B,26.565051177078,14.60485651214128,-6.1261756949143225,-15.055187637969095,11.960194664936724,8.929011943054771
0.0,-5.4,-0.72,20BA36977463,0.0,-0.2730496453900709,-7.594643368591446,-6.340425531914893,1.3829787234042554,1.6697570855618318
0.0,-5.4,-0.72,20BA369AFC6B,29.05460409907715,22.845762711864406,-6.648073478457561,9.710169491525424,6.425536452416367,16.358242969982985
0.0,-4.8,-0.72,20BA36977463,0.0,1.7240204429301533,-8.530765609948133,-7.240204429301533,1.8228279386712096,1.3033512151284228
0.0,-4.8,-0.72,20BA369AFC6B,32.00538320808349,34.445692883895134,-7.249079687709111,5.792134831460674,3.1207325260379957,13.041214519169786
0.0,-4.2,-0.72,20BA36977463,0.0,0.4218487394957983,-9.727578551401603,-6.290756302521008,0.5798319327731093,3.445979272362894
0.0,-4.2,-0.72,20BA369AFC6B,35.537677791974374,33.56193895870736,-7.941352033462358,-1.1938958707360863,3.276524976772501,7.4314919083203765
0.0,-3.6,-0.72,20BA36977463,0.0,0.6429752066115703,-11.309932474020213,-9.411570247933884,0.6760330578512397,1.9006434410482456
0.0,-3.6,-0.72,20BA369AFC6B,39.80557109226518,5.036429872495447,-8.734861486585647,1.6247723132969034,34.769141219769736,10.487496043265175
0.0,-3.0,-0.72,20BA36977463,0.0,1.0237226277372262,-13.495733280795811,-10.917883211678832,1.0237226277372262,2.577850069116979
0.0,-3.0,-0.72,20BA369AFC6B,45.0,55.97341513292434,-9.6316519614038,14.537832310838446,10.973415132924336,24.169484272242247
0.0,-2.4,-0.72,20BA36977463,0.0,0.8491525423728814,-16.69924423399362,-14.433898305084746,0.8728813559322034,2.265345928908875
0.0,-2.4,-0.72,20BA369AFC6B,51.34019174590989,51.236363636363635,-10.614591467407536,-4.425,1.8855655007087613,6.189591467407536
0.0,-1.8,-0.72,20BA36977463,0.0,1.0550918196994992,-21.80140948635181,-19.330550918196995,1.0651085141903172,2.4708585681548167
0.0,-1.8,-0.72,20BA369AFC6B,59.03624346792648,61.2568093385214,-11.62901399521606,-8.690661478599221,2.4759135234846004,3.0370120347966894
0.0,-1.2,-0.72,20BA36977463,0.0,0.9824253075571178,-30.96375653207352,-29.548330404217925,0.9824253075571178,1.415426127855595
0.0,-1.2,-0.72,20BA369AFC6B,68.19859051364818,59.794561933534744,-12.562228295302136,22.800604229607252,8.44516729260958,35.362832524909386
0.0,-0.6,-0.72,20BA36977463,0.0,0.045787545787545784,-50.19442890773481,-50.85897435897436,0.045787545787545784,0.7193843739339824
0.0,-0.6,-0.72,20BA369AFC6B,78.69006752597979,65.89460154241645,-13.242976219823511,-1.1362467866323906,12.795465983563332,12.10672943319112
0.6,-6.6,-0.72,20BA36977463,-5.194428907734789,0.5053191489361702,-6.200460431736469,-3.4893617021276597,5.699748056670959,3.3768994336985214
0.6,-6.6,-0.72,20BA369AFC6B,19.98310652189997,4.318982387475538,-5.853678490703383,-2.7455968688845402,15.664124134424432,3.4367474268961278
0.6,-6.0,-0.72,20BA36977463,-5.710593137499643,0.22826086956521738,-6.809133658307788,11.072463768115941,5.938854007064861,17.881597426423728
0.6,-6.0,-0.72,20BA369AFC6B,21.801409486351815,2.3988095238095237,-6.357515056182176,-5.587301587301587,19.402599962542293,2.177831861958981
0.6,-5.4,-0.72,20BA36977463,-6.3401917459099195,-3.7784200385356455,-7.548729802148626,-4.770712909441233,2.5974475871237575,2.779755891543044
0.6,-5.4,-0.72,20BA369AFC6B,23.96248897457815,8.166666666666666,-6.946765292343983,-6.558712121212121,15.795822307911484,2.631891697901273
0.6,-4.8,-0.72,20BA36977463,-7.125016348901795,-4.363636363636363,-8.465848238967707,-5.264270613107822,2.7613799852654313,3.217387614558515
0.6,-4.8,-0.72,20BA369AFC6B,26.565051177078004,13.33420365535248,-7.641405059952685,-5.561357702349869,13.230847521725524,2.9141374543396825
0.6,-4.2,-0.72,20BA36977463,-8.130102354155952,-12.631481481481481,-9.6316519614038,1.1814814814814816,4.756216687508334,10.813133442885283
0.6,-4.2,-0.72,20BA369AFC6B,29.744881296942225,33.7639751552795,-8.465848238967707,-7.428571428571429,4.019093858337278,3.447694378554462
0.6,-3.6,-0.72,20BA36977463,-9.462322208025626,-4.9911032028469755,-11.159936872185444,-10.256227758007118,4.47121900517865,1.2261492618769387
0.6,-3.6,-0.72,20BA369AFC6B,33.69006752597977,37.08461538461538,-9.448016435202305,-5.369230769230769,4.087757567253477,4.093646761946859
0.6,-3.0,-0.72,20BA36977463,-11.30993247402023,-7.8896925858951175,-13.242976219823511,-14.576853526220615,3.4202398881251113,1.3841696563839105
0.6,-3.0,-0.72,20BA369AFC6B,38.65980825409008,30.97792869269949,-10.614591467407536,1.9881154499151104,8.345485945065716,12.602706917322646
0.6,-2.4,-0.72,20BA36977463,-14.03624346792651,-10.33385579937304,-16.22725402323351,-15.536050156739812,3.7023876685534702,0.6936262676747839
0.6,-2.4,-0.72,20BA369AFC6B,45.0,50.72293577981652,-11.976725812374069,-14.693577981651377,5.891743119266055,2.7563650431258973
0.6,-1.8,-0.72,20BA36977463,-18.434948822922024,-15.070888468809073,-20.780417487663584,-19.099243856332702,3.3640603541129503,1.681173631330881
0.6,-1.8,-0.72,20BA369AFC6B,53.13010235415598,46.93986420950534,-13.495733280795811,-12.50533462657614,6.193613111268857,1.2345370515830814
0.6,-1.2,-0.72,20BA36977463,-26.565051177077976,-22.394736842105264,-28.220512053403727,-27.966666666666665,4.170314334972713,0.25384538673706036
0.6,-1.2,-0.72,20BA369AFC6B,63.434948822922,69.42146596858639,-15.020256666513818,-21.94764397905759,5.9865171456643775,6.9273873125437735
0.6,-0.6,-0.72,20BA36977463,-45.0,-42.30879712746858,-40.315542210772584,-41.22800718132854,2.6912028725314183,0.9124649705559618
0.6,-0.6,-0.72,20BA369AFC6B,75.96375653207352,71.85958904109589,-16.22725402323351,-16.051369863013697,4.104167490977627,1.6313791135673819
1.2,-6.6,-0.72,20BA36977463,-10.304846468766016,-9.492647058823529,-6.126175694914323,16.55514705882353,2.017828775053846,22.681322753737852
1.2,-6.6,-0.72,20BA369AFC6B,15.255118703057775,17.913846153846155,-6.008088186873485,0.56,2.7007384079937116,6.568088186873484
1.2,-6.0,-0.72,20BA36977463,-11.30993247402023,-3.6996587030716723,-6.711115269369334,4.552901023890785,7.610273770948557,11.265988202684218
1.2,-6.0,-0.72,20BA369AFC6B,16.699244233993596,23.094218415417558,-6.55675567408701,22.83083511777302,8.437863253977609,29.38759079186003
1.2,-5.4,-0.72,20BA36977463,-12.528807709151522,-9.79642857142857,-7.415829709624492,7.541071428571429,2.7706360052532535,14.95690113819592
1.2,-5.4,-0.72,20BA369AFC6B,18.434948822921996,-0.3882978723404255,-7.209120586689089,-4.209219858156028,18.84652701858539,3.10605499444092
1.2,-4.8,-0.72,20BA36977463,-14.03624346792651,-9.104667609618105,-8.27964251062289,-3.44978783592645,4.931575858308406,4.838005820262236
1.2,-4.8,-0.72,20BA369AFC6B,20.556045219583467,1.953781512605042,-7.994861271478283,-8.011204481792717,18.602263706978423,1.8055769013445306
1.2,-4.2,-0.72,20BA36977463,-15.945395900922847,-11.529774127310061,-9.360052015333332,-8.178644763860369,4.415621773612785,1.260250945682407
1.2,-4.2,-0.72,20BA369AFC6B,23.198590513648185,4.662207357859532,-8.95434473505222,0.4916387959866221,18.536383155788652,9.445983531038843
1.2,-3.6,-0.72,20BA36977463,-18.434948822922024,-14.812292358803987,-10.743403801775964,-12.483388704318937,3.6226564641180374,1.7399849025429734
1.2,-3.6,-0.72,20BA369AFC6B,26.565051177078004,9.694682675814752,-10.14210615657398,-7.560891938250429,16.87036850126325,2.6165306029585853
1.2,-3.0,-0.72,20BA36977463,-21.801409486351815,-17.661237785016286,-12.562228295302136,-13.750814332247558,4.140171701335529,1.2068996621995625
1.2,-3.0,-0.72,20BA369AFC6B,30.96375653207352,31.221498371335503,-11.62901399521606,-8.646579804560261,1.0797641067063202,2.9921015784026115
1.2,-2.4,-0.72,20BA36977463,-26.565051177077976,-21.920754716981133,-15.020256666513818,-14.794339622641509,4.644296460096844,0.3294370942029242
1.2,-2.4,-0.72,20BA369AFC6B,36.86989764584402,41.55190311418685,-13.495733280795811,-12.866782006920415,4.682005468342831,1.0221397667550496
1.2,-1.8,-0.72,20BA36977463,-33.69006752597977,-31.051660516605168,-18.408480170585843,-18.535055350553506,2.6384070093746046,0.5064165194054205
1.2,-1.8,-0.72,20BA369AFC6B,45.0,43.86727272727273,-15.793169048263962,-14.034545454545455,1.3945454545454545,1.7668968317879494
1.2,-1.2,-0.72,20BA36977463,-45.0,-42.23639455782313,-22.989767773608854,-21.845238095238095,2.7636054421768708,1.1447036958263903
1.2,-1.2,-0.72,20BA369AFC6B,56.309932474020215,58.61629881154499,-18.408480170585843,-15.202037351443124,2.3581724285432144,3.2064428191427194
1.2,-0.6,-0.72,20BA36977463,-63.43494882292202,-63.77871621621622,-28.22051205340373,-30.87668918918919,0.8221568542710284,2.6561771357854624
1.2,-0.6,-0.72,20BA369AFC6B,71.56505117707799,70.05545927209705,-20.780417487663584,-22.55632582322357,1.5397443363793426,1.7759083355599863
1.8,-6.6,-0.72,20BA36977463,-15.255118703057748,-16.513711151736747,-6.008088186873485,19.62340036563071,1.2819122570023764,25.631488552504198
1.8,-6.6,-0.72,20BA369AFC6B,10.304846468766016,1.1791044776119404,-6.126175694914324,-7.335820895522388,9.125741991154076,1.5566290075053117
1.8,-6.0,-0.72,20BA36977463,-16.699244233993568,-13.095238095238095,-6.55675567408701,-2.0238095238095237,3.606870479384105,4.539278212076243
1.8,-6.0,-0.72,20BA369AFC6B,11.3099324740202,8.07843137254902,-6.711115269369334,1.6470588235294117,3.2315011014711814,8.358174092898745
1.8,-5.4,-0.72,20BA36977463,-18.434948822922024,-31.568669527896997,-7.209120586689089,11.311158798283262,13.133720704974973,18.52027938497235
1.8,-5.4,-0.72,20BA369AFC6B,12.528807709151522,5.495515695067264,-7.415829709624491,25.72421524663677,7.033292014084257,33.140044956261264
1.8,-4.8,-0.72,20BA36977463,-20.55604521958344,-20.015177065767286,-7.994861271478283,1.4013490725126476,1.6029060376946604,9.39621034399093
1.8,-4.8,-0.72,20BA369AFC6B,14.036243467926482,18.100558659217878,-8.27964251062289,-4.702048417132216,4.912483076566731,3.585642780522821
1.8,-4.2,-0.72,20BA36977463,-23.198590513648185,-19.92294520547945,-8.95434473505222,-7.739726027397261,3.2756453081687327,1.2838128864359428
1.8,-4.2,-0.72,20BA369AFC6B,15.945395900922849,24.82013201320132,-9.36005201533333,-6.762376237623762,8.909417838708524,2.6251322919031876
1.8,-3.6,-0.72,20BA36977463,-26.565051177077976,-20.179591836734694,-10.14210615657398,-11.30408163265306,6.3854593403432816,1.8800853420064865
1.8,-3.6,-0.72,20BA369AFC6B,18.434948822921996,-7.265139116202946,-10.743403801775964,-10.284779050736498,25.70008793912494,1.017084562386978
1.8,-3.0,-0.72,20BA36977463,-30.963756532073493,-26.427289048473966,-11.62901399521606,-15.305206463195692,4.536467483599522,3.6852267802987138
1.8,-3.0,-0.72,20BA369AFC6B,21.801409486351815,-3.138211382113821,-12.562228295302136,-11.71869918699187,24.939620868465635,1.9547079443444408
1.8,-2.4,-0.72,20BA36977463,-36.86989764584405,-34.87360594795539,-13.495733280795811,-11.910780669144982,2.0095304646168044,1.5980747939349536
1.8,-2.4,-0.72,20BA369AFC6B,26.565051177078004,16.80532445923461,-15.020256666513818,-13.317803660565724,9.759726717843396,1.7285360231457298
1.8,-1.8,-0.72,20BA36977463,-45.0,-43.816822429906544,-15.793169048263962,-16.77570093457944,1.2878504672897195,0.9884621221903476
1.8,-1.8,-0.72,20BA369AFC6B,33.69006752597977,38.964646464646464,-18.408480170585843,-17.614478114478114,5.274578938666694,0.7940020561077287
1.8,-1.2,-0.72,20BA36977463,-56.30993247402022,-56.22953451043339,-18.408480170585843,-19.987158908507222,0.5715195784622554,1.5826127363539884
1.8,-1.2,-0.72,20BA369AFC6B,45.0,51.64715189873418,-22.989767773608854,-26.365506329113924,6.647151898734177,3.37573855550507
1.8,-0.6,-0.72,20BA36977463,-71.56505117707798,-70.9570747217806,-20.780417487663584,-23.50079491255962,0.9799751437285685,2.7203774248960344
1.8,-0.6,-0.72,20BA369AFC6B,63.434948822922,73.44600938967136,-28.220512053403727,-33.64319248826291,10.011060566749352,5.422680434859184
2.4,-6.6,-0.72,20BA36977463,-19.98310652189997,-15.212820512820512,-5.853678490703383,-3.6435897435897435,4.770286009079457,2.2235953479717887
2.4,-6.6,-0.72,20BA369AFC6B,5.194428907734789,-3.2447013487475913,-6.200460431736468,7.749518304431599,8.43913025648238,13.949978736168068
2.4,-6.0,-0.72,20BA36977463,-21.801409486351815,-31.528523489932887,-6.357515056182176,18.110738255033556,9.727114003581072,24.468253311215733
2.4,-6.0,-0.72,20BA369AFC6B,5.710593137499643,-8.37568058076225,-6.809133658307788,16.72595281306715,14.086273718261895,23.53508647137494
2.4,-5.4,-0.72,20BA36977463,-23.96248897457815,-23.104166666666668,-6.946765292343983,33.02291666666667,1.206717050247465,39.96968195901065
2.4,-5.4,-0.72,20BA369AFC6B,6.340191745909891,-3.352836879432624,-7.548729802148626,-1.4680851063829787,9.693028625342516,6.094137890061412
2.4,-4.8,-0.72,20BA36977463,-26.565051177077976,-21.11037527593819,-7.641405059952685,0.4503311258278146,5.454675901139787,8.14413689006473
2.4,-4.8,-0.72,20BA369AFC6B,7.125016348901795,0.24790619765494137,-8.465848238967707,-7.581239530988275,6.877110151246853,1.1971408536229315
2.4,-4.2,-0.72,20BA36977463,-29.744881296942253,-22.921875,-8.465848238967707,-5.083333333333333,6.841395423079475,3.3880789864784604
2.4,-4.2,-0.72,20BA369AFC6B,8.13010235415598,0.5599284436493739,-9.6316519614038,-9.722719141323793,7.570173910506607,0.6151718841099987
2.4,-3.6,-0.72,20BA36977463,-33.69006752597977,-31.025188916876573,-9.448016435202305,-10.2367758186398,2.769050444229476,1.0836178893689705
2.4,-3.6,-0.72,20BA369AFC6B,9.462322208025626,6.016483516483516,-11.159936872185444,-10.098901098901099,3.445838691542109,1.2276400480363017
2.4,-3.0,-0.72,20BA36977463,-38.65980825409009,-39.208333333333336,-10.614591467407536,-9.944444444444445,0.7669814578835568,0.8407164374589208
2.4,-3.0,-0.72,20BA369AFC6B,11.30993247402023,20.352422907488986,-13.242976219823513,-15.237885462555067,9.042490433468757,2.0346370632345323
2.4,-2.4,-0.72,20BA36977463,-45.0,-41.577586206896555,-11.976725812374069,-13.463362068965518,3.4224137931034484,1.6264699613198006
2.4,-2.4,-0.72,20BA369AFC6B,14.036243467926482,25.848837209302324,-16.22725402323351,-15.901162790697674,11.812593741375844,0.5523096322146206
2.4,-1.8,-0.72,20BA36977463,-53.13010235415595,-53.46415770609319,-13.495733280795811,-15.068100358422939,1.0430839047190816,1.597242582756667
2.4,-1.8,-0.72,20BA369AFC6B,18.434948822921996,-3.6666666666666665,-20.78041748766358,-19.620192307692307,22.10161548958866,1.1609289700749152
2.4,-1.2,-0.72,20BA36977463,-63.43494882292203,-61.9873417721519,-15.020256666513818,-14.262206148282097,1.5227491527510628,0.7686806448156573
2.4,-1.2,-0.72,20BA369AFC6B,26.565051177078004,26.213464696223316,-28.220512053403727,-28.766830870279147,0.6101274888969903,0.6672564619277095
2.4,-0.6,-0.72,20BA36977463,-75.96375653207349,-72.83079847908745,-16.22725402323351,-20.64638783269962,3.132958052986037,4.419133809466111
2.4,-0.6,-0.72,20BA369AFC6B,45.0,71.16697936210132,-40.31554221077258,-47.684803001876176,26.166979362101312,7.369260791103596
3.0,-6.6,-0.72,20BA36977463,-24.443954780416565,-22.35148514851485,-5.671601372097209,-1.9306930693069306,2.548046076740847,3.780219112368661
3.0,-6.6,-0.72,20BA369AFC6B,0.0,10.422222222222222,-6.225829064425769,27.787301587301588,10.447619047619048,34.01313065172735
3.0,-6.0,-0.72,20BA36977463,-26.565051177077976,-21.81941309255079,-6.1261756949143225,-1.5191873589164786,4.751529039239449,4.606988335997844
3.0,-6.0,-0.72,20BA369AFC6B,0.0,-13.790836653386455,-6.84277341263094,3.3924302788844622,13.790836653386455,10.243572560485855
3.0,-5.4,-0.72,20BA36977463,-29.054604099077153,-26.94647201946472,-6.648073478457561,-0.8710462287104623,2.474142741155329,5.849664579681864
3.0,-5.4,-0.72,20BA369AFC6B,0.0,-8.659707724425887,-7.594643368591445,10.755741127348642,8.659707724425887,18.350384495940087
3.0,-4.8,-0.72,20BA36977463,-32.00538320808346,-24.52887537993921,-7.24907968770911,-6.6534954407294835,7.476507828144248,2.1450053049310887
3.0,-4.8,-0.72,20BA369AFC6B,0.0,-3.466281310211946,-8.530765609948133,-5.545279383429673,3.485549132947977,3.39100104387749
3.0,-4.2,-0.72,20BA36977463,-35.537677791974374,-42.37153419593346,-7.941352033462358,30.256931608133087,6.833856403959081,38.198283641595445
3.0,-4.2,-0.72,20BA369AFC6B,0.0,-5.652027027027027,-9.727578551401603,-8.60304054054054,5.652027027027027,1.1917230302789101
3.0,-3.6,-0.72,20BA36977463,-39.805571092265154,-34.490022172949004,-8.734861486585647,-8.674057649667406,5.31813555666961,2.383337890257376
3.0,-3.6,-0.72,20BA369AFC6B,0.0,-6.055276381909548,-11.309932474020213,-10.328308207705193,6.055276381909548,1.0525840169734972
3.0,-3.0,-0.72,20BA36977463,-45.0,-50.01969365426696,-9.6316519614038,13.680525164113785,5.3347921225382935,23.31217712551759
3.0,-3.0,-0.72,20BA369AFC6B,0.0,-5.988700564971752,-13.495733280795811,-12.026365348399247,5.988700564971752,1.4693679323965643
3.0,-2.4,-0.72,20BA36977463,-51.34019174590993,-57.469565217391306,-10.614591467407536,-8.904347826086957,6.147003329310135,1.7370546696748375
3.0,-2.4,-0.72,20BA369AFC6B,0.0,-6.998344370860927,-16.69924423399362,-15.79635761589404,6.998344370860927,0.9038824981194701
3.0,-1.8,-0.72,20BA36977463,-59.036243467926504,-56.1231101511879,-11.62901399521606,-13.181425485961123,2.9131333167386058,1.552411490745064
3.0,-1.8,-0.72,20BA369AFC6B,0.0,-6.3426573426573425,-21.80140948635181,-21.0,6.3426573426573425,0.8014094863518118
3.0,-1.2,-0.72,20BA36977463,-68.19859051364818,-66.5583864118896,-12.562228295302136,21.38004246284501,1.8256234047672308,33.942270758147146
3.0,-1.2,-0.72,20BA369AFC6B,0.0,-7.0,-30.96375653207352,-30.02568493150685,7.0,0.9399334225491967
3.0,-0.6,-0.72,20BA36977463,-78.69006752597977,-72.615234375,-13.242976219823511,47.203125,6.074833150979771,60.44610121982351
3.0,-0.6,-0.72,20BA369AFC6B,0.0,-1.6376811594202898,-50.19442890773481,-51.710144927536234,1.6376811594202898,1.5157160198014215
